City_ID,City,Cloudiness,Country,Date,Humidity,Lat,Lng,Max Temp,Wind Speed
0,saldanha,4,PT,1564271933,67,41.42,41.42,60.18,5.19
1,tasiilaq,75,GL,1564271676,57,65.61,65.61,51.8,1.12
2,punta arenas,0,CL,1564271903,65,-53.16,-53.16,44.6,20.8
3,jamestown,32,AU,1564271922,57,-33.21,-33.21,59.1,10.04
4,vao,0,EE,1564271946,69,59.1,59.1,67.2,3.56
5,hermanus,0,ZA,1564271920,98,-34.42,-34.42,52.0,1.99
6,butaritari,77,KI,1564271926,72,3.07,3.07,84.84,8.52
7,mandera,61,ET,1564272012,52,3.94,3.94,76.2,13.27
8,puri,21,ID,1564272056,78,-7.54,-7.54,71.88,6.6
9,victoria,75,BN,1564271899,83,5.28,5.28,80.6,3.36
10,new norfolk,20,AU,1564271931,61,-42.78,-42.78,55.99,9.17
11,codrington,51,AU,1564271926,82,-28.95,-28.95,62.6,2.19
12,longyearbyen,0,NO,1564271914,61,78.22,78.22,50.0,5.82
13,tura,0,RU,1564271704,68,64.27,64.27,59.82,5.68
14,nikolskoye,15,RU,1564271911,88,59.7,59.7,66.99,4.68
15,cape town,75,ZA,1564271792,100,-33.93,-33.93,61.0,4.7
16,georgetown,75,GY,1564271821,88,6.8,6.8,78.8,4.7
17,airai,9,TL,1564271920,57,-8.93,-8.93,76.38,0.81
18,hilo,20,US,1564271880,58,19.71,19.71,84.2,10.29
19,sonoita,1,US,1564271920,42,31.68,31.68,105.8,11.41
20,kobryn,16,BY,1564272057,92,52.21,52.21,62.34,9.42
21,port hardy,90,CA,1564271922,93,50.7,50.7,60.8,5.82
22,saurimo,0,AO,1564272057,20,-9.66,-9.66,57.3,5.39
23,xushan,0,CN,1564272057,74,30.18,30.18,91.0,11.18
24,barrow,100,AR,1564271923,69,-38.31,-38.31,43.26,7.63
25,albany,20,US,1564271830,45,42.65,42.65,84.2,5.82
26,kapaa,40,US,1564271914,70,22.08,22.08,86.0,17.22
27,vysokogornyy,98,RU,1564272057,92,50.1,50.1,61.44,5.17
28,hithadhoo,16,MV,1564271923,68,-0.6,-0.6,82.32,1.54
29,santa lucia,40,IT,1564272058,83,41.98,41.98,80.6,14.99
30,mabaruma,65,GY,1564272058,98,8.2,8.2,73.5,2.55
31,bredasdorp,0,ZA,1564271908,87,-34.53,-34.53,55.4,3.36
32,vaini,100,IN,1564271899,90,15.34,15.34,76.02,6.55
33,isangel,40,VU,1564271932,60,-19.55,-19.55,75.2,9.17
34,cidreira,42,BR,1564271952,93,-30.17,-30.17,51.72,3.38
35,riacho de santana,19,BR,1564271882,50,-13.61,-13.61,67.02,7.76
36,manokwari,72,ID,1564272058,70,-0.87,-0.87,77.82,2.42
37,constitucion,75,MX,1564271940,26,23.99,23.99,78.8,8.05
38,carballo,0,ES,1564272059,93,43.21,43.21,63.0,1.12
39,mataura,100,NZ,1564271897,81,-46.19,-46.19,52.0,1.01
40,erzin,0,TR,1564272059,51,36.95,36.95,82.4,9.17
41,khatanga,87,RU,1564271916,58,71.98,71.98,51.54,11.3
42,tuktoyaktuk,40,CA,1564271913,42,69.44,69.44,64.4,14.99
43,vardo,1,US,1564272059,48,39.62,39.62,84.99,6.93
44,margate,20,AU,1564271974,61,-43.03,-43.03,55.99,9.17
45,busselton,1,AU,1564271696,74,-33.64,-33.64,42.01,8.84
46,newport,1,US,1564271794,73,41.49,41.49,73.99,8.05
47,lamar,90,US,1564271855,25,38.09,38.09,96.8,14.99
48,mahebourg,75,MU,1564271919,94,-20.41,-20.41,71.6,13.87
49,tiksi,13,RU,1564271943,72,71.64,71.64,38.4,9.78
50,coihaique,0,CL,1564271945,86,-45.58,-45.58,35.6,2.24
51,mantua,75,IT,1564272060,100,45.16,45.16,71.6,5.82
52,kavaratti,10,IN,1564271933,77,10.57,10.57,81.42,9.1
53,rocha,0,UY,1564271910,94,-34.48,-34.48,42.72,4.47
54,ribeira grande,40,PT,1564271916,88,38.52,38.52,73.4,8.05
55,arraial do cabo,49,BR,1564271907,88,-22.97,-22.97,69.0,14.67
56,honningsvag,89,NO,1564272061,80,70.98,70.98,44.16,10.16
57,rikitea,57,PF,1564271626,82,-23.12,-23.12,73.68,4.92
58,baruun-urt,0,MN,1564271928,52,46.68,46.68,67.2,16.26
59,yellowknife,75,CA,1564271646,36,62.45,62.45,60.8,11.41
60,upernavik,62,GL,1564271932,77,72.79,72.79,42.0,4.29
61,bluff,0,AU,1564271899,44,-23.58,-23.58,67.74,5.5
62,thompson,40,CA,1564271921,44,55.74,55.74,78.8,18.34
63,ushuaia,20,AR,1564271844,56,-54.81,-54.81,44.6,17.22
64,qaanaaq,22,GL,1564271923,55,77.48,77.48,44.52,4.59
65,souillac,0,FR,1564271924,88,45.6,45.6,63.0,5.82
66,redlands,1,US,1564271978,34,34.06,34.06,105.01,10.29
67,kirakira,55,SB,1564271977,82,-10.46,-10.46,81.06,17.16
68,fortuna,1,US,1564271923,60,40.6,40.6,71.6,14.99
69,manchester,1,US,1564272033,69,43.0,43.0,78.01,4.7
70,tomatlan,1,MX,1564272062,60,19.93,19.93,86.28,11.03
71,lompoc,75,US,1564271963,82,34.64,34.64,89.01,9.17
72,alekseyevka,0,RU,1564272062,77,53.25,53.25,60.8,6.71
73,shimoda,75,JP,1564271953,88,34.7,34.7,84.0,17.22
74,miasskoye,94,RU,1564272062,76,55.28,55.28,57.2,2.24
75,atuona,0,PF,1564271897,77,-9.8,-9.8,79.98,19.86
76,bathsheba,75,BB,1564271769,94,13.22,13.22,75.2,11.41
77,portel,39,BR,1564271836,74,-1.94,-1.94,78.36,2.08
78,lafia,75,NG,1564272063,96,8.5,8.5,73.68,3.98
79,ormara,99,PK,1564272063,83,25.21,25.21,81.24,14.25
80,guiyang,75,CN,1564271779,88,26.58,26.58,73.4,8.95
81,yulara,0,AU,1564271966,29,-25.24,-25.24,50.0,4.7
82,severo-kurilsk,100,RU,1564271955,98,50.68,50.68,48.12,20.2
83,hervey bay,0,AU,1564272064,72,-25.3,-25.3,62.6,5.82
84,esperance,90,AU,1564271904,100,-33.86,-33.86,48.2,6.93
85,saint-philippe,90,CA,1564271898,65,45.36,45.36,82.4,12.75
86,kushima,40,JP,1564272064,74,31.5,31.5,82.4,2.24
87,mahibadhoo,100,MV,1564271961,66,3.78,3.78,82.14,4.38
88,iskateley,100,RU,1564272064,97,67.68,67.68,40.92,6.46
89,cururupu,5,BR,1564271915,94,-1.82,-1.82,73.14,2.42
90,gao,56,ML,1564272064,37,16.28,16.28,92.76,16.82
91,laguna,40,BZ,1564272065,66,16.17,16.17,86.0,6.93
92,bambous virieux,75,MU,1564271910,94,-20.34,-20.34,71.6,13.87
93,beyneu,39,KZ,1564272065,51,45.32,45.32,76.02,12.48
94,mount gambier,90,AU,1564271969,87,-37.83,-37.83,48.2,8.05
95,lebu,100,ET,1564271928,84,8.96,8.96,56.4,3.71
96,clyde river,90,CA,1564271930,100,70.47,70.47,41.0,14.99
97,keetmanshoop,50,NA,1564272065,16,-26.57,-26.57,66.2,13.87
98,idritsa,10,RU,1564272065,90,56.33,56.33,63.42,1.92
99,port alfred,22,ZA,1564271897,9,-33.59,-33.59,74.04,21.0
100,saskylakh,94,RU,1564271918,52,71.97,71.97,51.36,14.27
101,teahupoo,20,PF,1564272066,62,-17.83,-17.83,84.2,5.82
102,platteville,75,US,1564271806,69,42.73,42.73,86.0,10.29
103,conchas,65,BR,1564272032,60,-23.02,-23.02,63.96,2.26
104,contamana,1,PE,1564272066,95,-7.35,-7.35,70.26,1.74
105,kampong thum,100,KH,1564272066,84,12.71,12.71,76.74,7.76
106,ilheus,40,BR,1564272024,78,-14.79,-14.79,77.0,6.93
107,port elizabeth,1,US,1564271875,74,39.31,39.31,84.99,13.87
108,rawson,60,AR,1564271893,38,-43.3,-43.3,48.12,14.12
109,cherskiy,40,RU,1564271902,47,68.75,68.75,48.48,8.63
110,moerai,86,PF,1564272067,79,-22.43,-22.43,69.9,18.16
111,carnarvon,0,ZA,1564271947,30,-30.97,-30.97,53.88,12.12
112,east london,0,ZA,1564271927,13,-33.02,-33.02,66.84,7.16
113,dicabisagan,95,PH,1564271910,88,17.08,17.08,78.0,1.36
114,erenhot,0,CN,1564272067,25,43.65,43.65,77.1,16.51
115,deputatskiy,0,RU,1564272067,51,69.3,69.3,45.24,10.6
116,lodja,43,CD,1564271925,31,-3.52,-3.52,69.9,1.66
117,amiens,90,FR,1564272068,93,49.89,49.89,62.01,8.05
118,ligayan,18,PH,1564272068,77,4.65,4.65,83.22,17.34
119,kruisfontein,0,ZA,1564271948,17,-34.0,-34.0,69.0,13.87
120,kaitangata,100,NZ,1564271921,81,-46.28,-46.28,50.0,3.0
121,inyonga,46,TZ,1564272068,50,-6.72,-6.72,54.78,4.94
122,altar,29,MX,1564272068,40,30.72,30.72,93.0,5.99
123,kodiak,1,US,1564271929,51,39.95,39.95,86.0,10.29
124,bilibino,84,RU,1564271925,59,68.06,68.06,43.8,8.16
125,tiarei,20,PF,1564272069,62,-17.53,-17.53,84.2,5.82
126,smirnykh,98,RU,1564272069,80,49.74,49.74,61.44,4.85
127,hofn,100,IS,1564272069,99,64.25,64.25,42.18,6.08
128,lakselv,92,NO,1564272069,70,70.05,70.05,50.0,14.99
129,aswan,0,EG,1564272069,25,24.09,24.09,87.8,4.7
130,jalu,0,LY,1564272070,47,29.03,29.03,76.38,7.9
131,katangli,100,RU,1564272070,90,51.71,51.71,56.04,8.16
132,ambanja,62,MG,1564272070,69,-13.68,-13.68,76.56,3.76
133,caucaia,0,BR,1564272070,78,-3.73,-3.73,86.0,13.87
134,vostok,16,RU,1564272070,61,46.45,46.45,76.56,2.98
135,ust-kulom,100,RU,1564271976,87,61.69,61.69,49.2,5.48
136,mandalgovi,0,MN,1564272070,55,45.76,45.76,59.46,17.09
137,sobolevo,37,RU,1564272071,90,54.43,54.43,62.34,4.5
138,jega,47,NG,1564272071,65,12.22,12.22,83.58,13.47
139,doha,0,QA,1564272043,70,25.29,25.29,91.4,4.7
140,surgut,0,RU,1564272071,100,61.25,61.25,48.2,6.71
141,amahai,36,ID,1564272071,87,-3.31,-3.31,76.38,12.55
142,les escoumins,0,CA,1564272071,60,48.35,48.35,70.8,6.73
143,hambantota,84,LK,1564271897,82,6.12,6.12,80.16,18.16
144,ilulissat,20,GL,1564271941,65,69.22,69.22,46.4,4.7
145,hasaki,75,JP,1564271919,100,35.73,35.73,77.0,8.05
146,san quintin,67,PH,1564272072,78,17.54,17.54,78.9,1.19
147,tucuman,0,PE,1564272072,33,-17.17,-17.17,46.68,2.35
148,lazaro cardenas,20,MX,1564272072,17,28.39,28.39,93.99,6.93
149,tondano,40,ID,1564272072,62,1.3,1.3,84.2,6.93
150,morros,0,BR,1564272072,83,-2.87,-2.87,80.6,9.17
151,norman wells,75,CA,1564271939,52,65.28,65.28,64.4,17.22
152,puerto ayora,40,EC,1564271899,73,-0.74,-0.74,73.4,16.11
153,saint-georges,7,CA,1564271957,50,46.12,46.12,79.0,1.01
154,hami,96,CN,1564271939,35,42.84,42.84,74.76,16.96
155,bindki,100,IN,1564272073,76,26.04,26.04,83.04,6.76
156,solana beach,1,US,1564272073,54,32.99,32.99,93.0,6.93
157,natal,40,BR,1564272073,88,-5.81,-5.81,73.4,4.7
158,dikson,100,RU,1564271909,96,73.51,73.51,34.98,8.72
159,mar del plata,0,AR,1564271632,46,-46.43,-46.43,41.1,7.54
160,mampong,96,GH,1564272074,93,7.06,7.06,70.62,7.23
161,east stroudsburg,1,US,1564272074,42,41.0,41.0,84.2,9.17
162,kasungu,0,MW,1564272074,85,-13.04,-13.04,51.0,7.63
163,talnakh,40,RU,1564271910,93,69.49,69.49,41.0,4.47
164,vila velha,0,BR,1564271937,78,-3.71,-3.71,86.0,13.87
165,mujiayingzi,2,CN,1564272074,62,42.12,42.12,76.2,12.37
166,bereda,0,ES,1564271979,93,43.27,43.27,60.01,1.12
167,sola,50,TZ,1564271958,40,-3.17,-3.17,60.18,5.99
168,sao joao da barra,0,BR,1564271873,88,-21.64,-21.64,68.0,2.8
169,varhaug,0,NO,1564272075,88,58.61,58.61,72.0,2.24
170,hobart,20,AU,1564271825,61,-42.88,-42.88,54.0,9.17
171,meulaboh,12,ID,1564271903,76,4.14,4.14,79.44,7.38
172,okahandja,0,NA,1564272075,17,-21.98,-21.98,55.4,4.7
173,virginia beach,1,US,1564271826,61,36.85,36.85,82.99,8.9
174,dhidhdhoo,100,MV,1564272075,75,6.88,6.88,81.96,9.22
175,ust-omchug,26,RU,1564272075,40,61.13,61.13,69.0,2.68
176,palmar,40,CO,1564272076,78,6.54,6.54,73.4,1.23
177,mtsamboro,0,YT,1564272076,78,-12.7,-12.7,77.0,19.46
178,dingle,100,PH,1564271946,81,11.0,11.0,80.52,3.87
179,cihuatlan,75,MX,1564272076,62,19.24,19.24,89.6,11.41
180,chokurdakh,100,RU,1564271918,93,70.62,70.62,37.14,7.52
181,shahrud,0,IR,1564272076,45,36.42,36.42,56.94,6.62
182,veraval,20,FR,1564272076,93,49.65,49.65,62.01,4.7
183,labuan,75,BN,1564271899,83,5.28,5.28,80.6,3.36
184,mount isa,25,AU,1564271962,30,-20.73,-20.73,71.6,9.17
185,hirara,20,JP,1564272078,83,24.8,24.8,86.0,8.05
186,sibolga,92,ID,1564272078,75,1.74,1.74,80.7,5.7
187,okhotsk,0,RU,1564271916,58,59.36,59.36,63.6,1.92
188,sao felix do xingu,29,BR,1564272078,52,-6.64,-6.64,74.22,2.68
189,hit,0,IQ,1564272078,18,33.64,33.64,84.84,13.49
190,castro,43,CL,1564271911,100,-42.48,-42.48,37.4,1.12
191,seoul,90,KR,1564272008,88,37.57,37.57,78.8,3.36
192,kokstad,0,ZA,1564272079,25,-30.55,-30.55,44.7,6.89
193,karratha,21,AU,1564271936,39,-20.74,-20.74,73.14,10.25
194,kibre mengist,98,ET,1564272079,95,5.87,5.87,53.7,2.21
195,taoudenni,0,ML,1564272079,9,22.68,22.68,98.52,5.88
196,louga,0,SN,1564272079,83,15.62,15.62,80.6,6.93
197,toledo,9,ES,1564271881,55,39.86,39.86,72.0,4.0
198,havoysund,20,NO,1564271906,87,71.0,71.0,44.6,10.29
199,tuatapere,100,NZ,1564271925,81,-46.13,-46.13,52.0,1.01
200,umm lajj,0,SA,1564272080,71,25.02,25.02,84.84,9.37
201,ponta do sol,0,BR,1564271956,57,-20.63,-20.63,60.72,4.63
202,chapais,90,CA,1564271967,73,49.78,49.78,69.8,6.93
203,betamcherla,100,IN,1564272080,81,15.47,15.47,74.04,18.1
204,sorland,60,NO,1564272080,86,67.67,67.67,55.86,21.68
205,itarema,91,BR,1564271912,76,-2.92,-2.92,77.64,8.99
206,srandakan,51,ID,1564272080,84,-7.94,-7.94,72.96,7.63
207,cabo san lucas,40,MX,1564271848,52,22.89,22.89,91.4,9.17
208,umea,0,SE,1564272081,93,63.83,63.83,62.6,2.15
209,nanortalik,67,GL,1564271765,64,60.14,60.14,47.4,10.58
210,cabedelo,40,BR,1564271920,100,-6.97,-6.97,73.4,4.7
211,kindu,74,CD,1564272081,40,-2.95,-2.95,68.64,1.99
212,torbay,20,CA,1564271898,52,47.66,47.66,68.0,13.87
213,adalaj,75,IN,1564272081,78,23.16,23.16,82.4,9.17
214,santa maria,0,BR,1564271906,48,-16.02,-16.02,66.2,10.29
215,elizabeth city,1,US,1564271951,61,36.3,36.3,82.99,4.99
216,kamenka,46,MD,1564271977,89,48.03,48.03,64.0,4.97
217,makakilo city,40,US,1564271925,58,21.35,21.35,89.6,12.75
218,port lincoln,96,AU,1564271916,76,-34.72,-34.72,56.22,9.95
219,smolenka,0,PL,1564272082,95,54.15,54.15,60.0,7.94
220,sitka,98,US,1564271901,38,37.17,37.17,88.0,7.0
221,prince rupert,90,CA,1564272082,87,54.32,54.32,60.8,4.7
222,fukue,75,JP,1564271924,83,35.03,35.03,84.0,8.05
223,indian head,0,CA,1564272083,31,50.53,50.53,90.0,1.99
224,launceston,1,AU,1564272083,93,-41.43,-41.43,48.99,8.05
225,mersing,92,MY,1564272083,91,2.43,2.43,75.48,2.33
226,shache,100,CN,1564272083,50,38.42,38.42,84.99,7.58
227,bethel,90,US,1564271927,58,60.79,60.79,60.8,8.05
228,winnemucca,20,US,1564271901,18,40.97,40.97,91.4,5.82
229,dakar,55,SN,1564272084,83,14.69,14.69,78.8,6.93
230,avarua,100,CK,1564271902,73,-21.21,-21.21,75.2,6.93
231,goderich,54,CA,1564271892,62,43.74,43.74,79.0,14.0
232,sfantu gheorghe,0,RO,1564272084,77,44.65,44.65,73.99,5.82
233,san policarpo,100,PH,1564271976,77,12.18,12.18,81.42,5.21
234,grindavik,75,IS,1564271926,93,63.84,63.84,59.0,24.16
235,hailar,44,CN,1564272084,81,49.2,49.2,70.98,12.01
236,quatre cocos,75,MU,1564272084,94,-20.21,-20.21,71.6,13.87
237,belyy yar,40,RU,1564272085,93,53.6,53.6,59.0,0.96
238,pangnirtung,100,CA,1564271919,68,66.15,66.15,47.76,0.63
239,singapore,75,MY,1564271906,78,1.29,1.29,82.4,9.17
240,qaqortoq,100,GL,1564271917,28,60.72,60.72,59.0,13.87
241,pisco,0,PE,1564271904,30,-13.71,-13.71,71.6,10.29
242,narsaq,100,GL,1564271951,28,60.91,60.91,59.0,13.87
243,leningradskiy,50,RU,1564271944,84,69.38,69.38,44.34,15.12
244,belem de sao francisco,56,BR,1564272085,76,-8.75,-8.75,71.52,19.3
245,fergus falls,1,US,1564271879,54,46.28,46.28,82.0,2.64
246,dabwali,93,IN,1564272086,81,29.95,29.95,80.7,10.49
247,eyl,83,SO,1564272086,63,7.98,7.98,74.4,25.93
248,sistranda,0,NO,1564272086,88,63.73,63.73,66.2,2.24
249,biak,95,ID,1564271947,89,-0.91,-0.91,64.14,6.29
250,kisanga,29,CD,1564272086,65,-11.72,-11.72,46.86,4.27
251,zhigalovo,100,RU,1564272086,95,54.81,54.81,57.12,5.73
252,ginir,94,ET,1564271942,90,7.14,7.14,58.38,9.17
253,geraldton,75,CA,1564271944,57,49.72,49.72,75.2,9.17
254,pasinler,0,TR,1564272087,54,39.98,39.98,57.2,13.87
255,rorvik,3,NO,1564272087,93,64.86,64.86,66.99,12.75
256,saint george,0,GR,1564271919,73,39.45,39.45,80.01,1.25
257,ulety,94,RU,1564272087,92,51.36,51.36,59.28,1.66
258,iqaluit,75,CA,1564271899,76,63.75,63.75,51.8,21.92
259,cobija,30,BR,1564272087,75,-11.02,-11.02,64.14,2.24
260,flinders,75,AU,1564272087,76,-34.58,-34.58,62.01,8.05
261,pevek,100,RU,1564271920,97,69.7,69.7,32.46,1.52
262,lavrentiya,0,RU,1564271959,56,65.58,65.58,54.24,11.52
263,yerbogachen,61,RU,1564271938,56,61.28,61.28,72.42,11.1
264,leshukonskoye,100,RU,1564272088,96,64.9,64.9,46.5,8.99
265,aklavik,20,CA,1564271945,29,68.22,68.22,68.0,8.05
266,east wenatchee,1,US,1564272088,18,47.42,47.42,82.4,17.22
267,puqi,88,CN,1564272088,74,29.72,29.72,87.0,12.37
268,dedza,7,MW,1564272088,98,-14.38,-14.38,48.3,6.67
269,bogande,26,BF,1564272089,69,12.97,12.97,81.78,9.28
270,ixtapa,75,MX,1564272039,74,20.71,20.71,82.99,6.93
271,beringovskiy,38,RU,1564271780,59,63.05,63.05,59.82,11.18
272,nabire,100,ID,1564272089,99,-3.36,-3.36,68.28,5.12
273,malumfashi,43,NG,1564272089,87,11.79,11.79,74.04,7.63
274,muros,20,ES,1564271952,100,42.77,42.77,68.0,4.7
275,ouadda,89,CF,1564272089,98,8.07,8.07,65.94,2.19
276,hamilton,75,CA,1564271903,57,43.26,43.26,82.99,14.99
277,mandiana,93,GN,1564272090,96,10.62,10.62,71.52,4.74
278,ancud,92,CL,1564271906,100,-41.87,-41.87,37.4,1.12
279,stephenville,20,CA,1564272090,72,48.55,48.55,68.0,11.41
280,chilca,20,PE,1564271991,43,-13.22,-13.22,55.4,5.82
281,hovd,0,NO,1564272090,68,63.83,63.83,73.0,8.05
282,gigmoto,100,PH,1564272090,77,13.78,13.78,80.7,5.57
283,bonavista,0,CA,1564272091,60,48.65,48.65,66.99,11.99
284,oranjestad,20,AW,1564271954,74,12.52,12.52,84.2,16.11
285,corinto,40,CO,1564272091,51,3.17,3.17,84.2,11.41
286,katsuura,75,JP,1564271943,88,33.93,33.93,86.0,2.24
287,arroio grande,40,BR,1564272091,6,-32.24,-32.24,44.01,3.83
288,conde,9,BR,1564271940,98,-11.81,-11.81,67.38,3.74
289,aleksandrov gay,55,RU,1564272091,69,50.14,50.14,65.58,11.77
290,utiel,20,ES,1564272091,39,39.57,39.57,80.6,10.29
291,preobrazheniye,1,RU,1564272092,69,42.9,42.9,80.52,4.38
292,bairnsdale,74,AU,1564272092,98,-37.83,-37.83,50.0,4.36
293,ishigaki,20,JP,1564272092,83,24.34,24.34,84.2,8.05
294,haines junction,70,CA,1564271918,47,60.75,60.75,56.76,10.98
295,faanui,17,PF,1564271896,80,-16.48,-16.48,78.9,21.41
296,samarai,52,PG,1564271914,81,-10.62,-10.62,74.22,9.51
297,noumea,20,NC,1564271980,49,-22.28,-22.28,73.4,8.05
298,turmalina,98,BR,1564271884,69,-17.29,-17.29,61.62,4.34
299,chegdomyn,53,RU,1564272092,78,51.13,51.13,65.58,1.83
300,manicore,15,BR,1564272093,57,-5.81,-5.81,77.46,1.66
301,hohhot,0,CN,1564272093,77,40.81,40.81,68.0,4.47
302,wajima,75,JP,1564272093,83,37.4,37.4,80.6,11.41
303,grand gaube,75,MU,1564271934,94,-20.01,-20.01,71.6,13.87
304,kysyl-syr,5,RU,1564272093,53,63.9,63.9,70.08,5.26
305,aykhal,90,RU,1564271978,100,65.95,65.95,44.6,4.47
306,motygino,86,RU,1564272094,74,58.18,58.18,56.4,3.27
307,the pas,1,CA,1564272094,39,53.82,53.82,84.2,12.75
308,benito juarez,83,CU,1564272094,86,22.29,22.29,80.16,7.16
309,kazachinskoye,7,RU,1564272094,85,57.69,57.69,55.5,3.31
310,gladstone,0,AU,1564271914,68,-23.84,-23.84,69.01,6.93
311,diamantino,0,BR,1564272094,58,-14.4,-14.4,69.0,4.41
312,huanren,12,CN,1564272095,78,41.26,41.26,78.54,4.12
313,severodvinsk,90,RU,1564272095,100,64.56,64.56,51.8,11.18
314,sergeyevka,82,KZ,1564272095,69,53.88,53.88,60.36,7.31
315,novaya igirma,100,RU,1564272095,64,57.14,57.14,66.48,14.05
316,havelock,1,US,1564271779,65,34.88,34.88,82.4,11.41
317,new visayas,100,PH,1564272095,51,7.7,7.7,77.0,1.77
318,cayenne,2,GF,1564272096,88,4.94,4.94,75.2,5.53
319,hylkje,0,NO,1564272096,82,60.51,60.51,66.99,6.93
320,provideniya,37,RU,1564271904,49,64.42,64.42,54.24,6.62
321,matay,6,EG,1564272096,54,28.42,28.42,75.3,10.33
322,fairbanks,90,US,1564271938,63,64.84,64.84,68.0,2.1
323,chalmette,1,US,1564272096,66,29.94,29.94,86.0,4.7
324,garden city,1,US,1564271955,19,43.62,43.62,97.0,6.93
325,waipawa,80,NZ,1564271913,76,-39.94,-39.94,57.0,3.44
326,trincomalee,99,LK,1564272096,80,8.58,8.58,76.74,8.55
327,alice springs,0,AU,1564271956,30,-23.7,-23.7,55.4,10.89
328,mtwara,38,TZ,1564272097,95,-10.28,-10.28,64.68,7.18
329,namatanai,94,PG,1564272097,87,-3.66,-3.66,77.46,7.9
330,dubki,20,RU,1564272097,47,43.02,43.02,78.8,4.47
331,sao filipe,74,CV,1564271934,78,14.9,14.9,75.3,4.07
332,pestyaki,0,RU,1564272097,97,56.71,56.71,56.4,6.33
333,san luis,75,AR,1564272098,35,-33.3,-33.3,56.04,12.19
334,los llanos de aridane,0,ES,1564271909,68,28.66,28.66,71.6,12.75
335,navan,40,IE,1564272098,81,53.65,53.65,59.0,6.93
336,inirida,83,CO,1564272098,95,3.87,3.87,73.32,1.03
337,vestmannaeyjar,100,IS,1564272098,93,63.44,63.44,54.24,31.83
338,santa rosa,100,AR,1564271951,54,-36.62,-36.62,49.38,9.42
339,steinbach,20,CA,1564272098,39,49.53,49.53,84.99,10.29
340,levelland,40,US,1564271901,22,33.59,33.59,91.4,16.11
341,kailahun,100,SL,1564272099,99,8.28,8.28,70.62,7.14
342,belmonte,2,PT,1564272099,91,40.36,40.36,69.01,1.83
343,coahuayana,16,MX,1564272099,78,18.62,18.62,83.4,2.13
344,anshun,100,CN,1564272099,97,26.25,26.25,66.84,5.21
345,herat,0,AF,1564272099,26,34.35,34.35,71.34,12.06
346,pacific grove,1,US,1564271927,42,36.62,36.62,98.6,18.34
347,xuddur,51,SO,1564271965,66,4.12,4.12,70.44,19.42
348,sinnamary,0,GF,1564272100,84,5.38,5.38,81.24,12.93
349,luganville,75,VU,1564271953,78,-15.51,-15.51,78.8,13.87
350,nome,1,US,1564271904,70,30.04,30.04,89.6,3.36
351,port blair,100,IN,1564271907,79,11.67,11.67,82.68,18.23
352,madimba,75,CM,1564271940,100,4.42,4.42,75.2,2.24
353,khasan,78,RU,1564271907,84,42.43,42.43,76.02,3.51
354,bikin,36,RU,1564272100,76,46.82,46.82,74.94,7.2
355,vaitape,17,PF,1564272100,80,-16.52,-16.52,78.9,21.41
356,nelson bay,26,AU,1564271930,82,-32.72,-32.72,62.01,10.29
357,yumen,0,CN,1564272101,22,40.29,40.29,71.16,5.75
358,kalangala,26,UG,1564272101,63,-0.32,-0.32,70.08,10.92
359,havre-saint-pierre,20,CA,1564271902,68,50.23,50.23,71.6,8.05
360,luau,33,CD,1564272101,25,-10.7,-10.7,55.14,3.51
361,valleyview,85,CA,1564272101,62,55.07,55.07,62.7,13.98
362,bulgan,100,MN,1564272102,95,48.81,48.81,50.82,4.85
363,rudnyy,54,KZ,1564272004,63,52.96,52.96,64.4,6.71
364,semnan,0,IR,1564272102,10,35.58,35.58,87.8,2.24
365,boffa,100,GN,1564272102,87,10.18,10.18,78.36,14.52
366,kpalime,96,TG,1564272102,97,6.9,6.9,69.54,3.98
367,mildura,11,AU,1564271965,93,-34.18,-34.18,52.0,7.34
368,ulladulla,75,AU,1564272102,76,-35.36,-35.36,53.01,8.05
369,moranbah,0,AU,1564272102,57,-22.0,-22.0,67.74,9.08
370,tshikapa,14,CD,1564271905,23,-6.42,-6.42,66.3,2.48
371,pogar,4,RU,1564272103,89,52.55,52.55,61.8,3.8
372,alta floresta,0,BR,1564272103,46,-9.87,-9.87,74.76,3.49
373,ponta delgada,40,PT,1564272103,100,37.73,37.73,71.6,13.87
374,lolodorf,87,CM,1564272103,98,3.23,3.23,69.72,0.58
375,solton,5,RU,1564272104,92,52.84,52.84,55.5,4.94
376,labytnangi,100,RU,1564272104,92,66.66,66.66,40.92,3.42
377,sabang,90,PH,1564272104,93,13.8,13.8,77.0,1.01
378,whitecourt,90,CA,1564272104,72,54.14,54.14,60.8,8.05
379,ust-ilimsk,100,RU,1564272104,59,57.96,57.96,66.84,11.61
380,kyaikkami,100,MM,1564272105,92,16.08,16.08,77.28,10.58
381,poum,5,MK,1564272105,76,41.28,41.28,60.9,3.31
382,manzanillo,75,MX,1564272030,62,19.05,19.05,89.6,11.41
383,fort nelson,75,CA,1564272105,77,58.81,58.81,64.4,3.36
384,maloy,100,ID,1564272105,87,1.0,1.0,77.1,2.3
385,rio gallegos,0,AR,1564272006,60,-51.62,-51.62,42.8,4.7
386,mangan,100,IN,1564272105,98,27.5,27.5,59.64,0.78
387,malaya serdoba,61,RU,1564272106,95,52.47,52.47,60.72,8.1
388,baryatino,71,RU,1564272106,94,54.31,54.31,61.44,5.64
389,xining,7,CN,1564271844,76,36.62,36.62,56.76,3.87
390,matara,65,BI,1564271897,68,-3.48,-3.48,49.92,2.93
391,naze,100,NG,1564271918,97,5.43,5.43,72.42,5.17
392,astara,0,AZ,1564272106,88,38.42,38.42,66.2,2.73
393,zhob,93,PK,1564271970,66,31.34,31.34,71.34,3.6
394,rafai,100,CF,1564272106,98,4.95,4.95,66.3,1.01
395,calvinia,0,ZA,1564272107,23,-31.47,-31.47,60.72,11.79
396,ankang,36,CN,1564272107,90,32.73,32.73,76.74,2.33
397,port macquarie,42,AU,1564271904,71,-31.43,-31.43,66.0,10.29
398,turukhansk,100,RU,1564272107,80,65.8,65.8,51.36,8.1
399,san cristobal,70,HN,1564271951,80,14.68,14.68,70.98,7.29
400,chiautla,90,MX,1564272107,72,19.53,19.53,69.8,14.99
401,omsukchan,100,RU,1564272107,53,62.53,62.53,65.58,5.06
402,miraflores,0,PE,1564271887,19,-16.39,-16.39,57.2,5.82
403,yining,84,CN,1564272108,74,29.04,29.04,85.56,1.77
404,chuy,0,UY,1564271905,81,-33.69,-33.69,49.92,9.19
405,pitimbu,40,BR,1564272108,100,-7.47,-7.47,73.4,4.7
406,grande-synthe,75,FR,1564272108,93,51.01,51.01,63.0,13.87
407,osakarovka,31,KZ,1564272108,64,50.56,50.56,58.92,10.09
408,shirokiy,32,RU,1564272108,78,53.87,53.87,64.0,1.01
409,port shepstone,0,ZA,1564272109,16,-30.74,-30.74,61.08,7.54
410,syracuse,20,US,1564271874,65,43.05,43.05,84.2,4.16
411,kenora,69,CA,1564272109,47,49.76,49.76,78.8,6.11
412,burns lake,74,CA,1564272109,43,54.23,54.23,65.4,12.41
413,inongo,100,CD,1564272109,61,-1.93,-1.93,79.08,3.85
414,cooma,0,AU,1564272109,61,-36.24,-36.24,33.8,8.05
415,pombas,0,BR,1564272109,54,-15.9,-15.9,69.54,4.65
416,san fernando,20,TT,1564271969,94,10.28,10.28,75.2,6.22
417,coron,0,FR,1564272110,82,47.13,47.13,61.0,3.36
418,hobyo,100,SO,1564271972,73,5.35,5.35,74.22,20.11
419,druzhba,21,UA,1564272110,90,52.05,52.05,62.52,3.38
420,lima,90,PE,1564271900,82,-12.06,-12.06,60.8,6.93
421,caravelas,56,BR,1564272110,85,-17.73,-17.73,71.34,10.22
422,usinsk,100,RU,1564272111,86,66.0,66.0,47.58,9.13
423,kurumkan,96,RU,1564272111,82,54.33,54.33,60.18,7.38
424,derby,75,GB,1564271814,100,52.92,52.92,60.01,11.41
425,zenzeli,3,RU,1564272111,61,45.92,45.92,70.44,19.15
426,glendive,1,US,1564272111,42,47.11,47.11,89.6,12.75
427,nioki,80,CD,1564272111,47,-2.72,-2.72,81.78,2.37
428,roma,40,IT,1564271821,83,41.89,41.89,80.6,14.99
429,lalmohan,35,BD,1564272112,85,22.34,22.34,80.88,13.2
430,bonoua,75,CI,1564272112,94,5.27,5.27,77.0,6.93
431,novoagansk,4,RU,1564272112,81,61.94,61.94,49.92,8.97
432,nouadhibou,75,MR,1564271911,88,20.93,20.93,68.0,12.75
433,shibetsu,40,JP,1564272112,74,44.15,44.15,80.6,12.75
434,gold coast,90,AU,1564272113,60,-28.0,-28.0,71.01,9.17
435,santa cruz,28,BR,1564272113,86,-6.22,-6.22,70.26,13.11
436,kungurtug,100,RU,1564271912,97,50.6,50.6,45.06,3.42
437,mayo,75,CA,1564272113,43,63.59,63.59,69.8,4.7
438,alofi,100,NU,1564271914,88,-19.06,-19.06,69.8,6.93
439,tortosa,5,ES,1564272113,49,40.81,40.81,73.0,5.82
440,nikolsk,9,RU,1564272113,95,59.53,59.53,47.22,7.11
441,tigre,0,AR,1564272114,71,-34.42,-34.42,55.4,1.12
442,biltine,65,TD,1564272114,50,14.53,14.53,86.64,13.2
443,leonidovo,100,RU,1564272114,89,49.28,49.28,59.46,4.36
444,bridlington,98,GB,1564272114,100,54.08,54.08,64.4,9.17
445,lagoa,0,PT,1564271896,77,37.14,37.14,69.01,8.05
446,obo,100,CF,1564271977,97,5.39,5.39,67.02,4.99
447,evensk,100,RU,1564272114,76,61.92,61.92,51.72,3.98
448,matamoros,75,US,1564272011,52,25.87,25.87,91.4,12.75
449,nizhniy tsasuchey,44,RU,1564271971,86,50.52,50.52,65.58,7.83
450,pochutla,20,MX,1564271963,55,15.74,15.74,91.4,0.72
451,ciudad ojeda,1,VE,1564272115,59,10.22,10.22,86.64,19.42
452,praya,17,ID,1564272115,100,-8.71,-8.71,69.8,5.64
453,udachnyy,90,RU,1564271951,100,66.42,66.42,44.6,4.47
454,westport,20,US,1564272115,69,41.14,41.14,78.01,10.29
455,sekoma,4,BW,1564272115,68,-24.51,-24.51,50.64,10.58
456,rotunda,46,MD,1564272116,66,48.24,48.24,67.38,6.6
457,waingapu,66,ID,1564272116,79,-9.65,-9.65,72.42,8.75
458,kulhudhuffushi,100,MV,1564272116,75,6.62,6.62,81.96,8.12
459,binga,0,ZW,1564272116,33,-17.62,-17.62,50.28,3.38
460,boyuibe,0,BO,1564272116,77,-20.43,-20.43,59.0,0.45
461,penzance,0,GB,1564272116,82,50.12,50.12,61.0,6.93
462,mopipi,0,BW,1564272117,81,-21.2,-21.2,49.56,7.87
463,mercedes,4,UY,1564272117,76,-33.25,-33.25,54.0,4.0
464,presidencia roque saenz pena,0,AR,1564272117,90,-26.79,-26.79,50.1,5.91
465,tygda,34,RU,1564272117,72,53.11,53.11,65.04,7.54
466,kagoro,98,NG,1564272117,93,9.6,9.6,69.18,0.6
467,novopskov,0,UA,1564272117,89,49.54,49.54,63.24,5.88
468,luena,0,AO,1564272118,25,-11.78,-11.78,45.78,2.64
469,chubbuck,40,US,1564272004,22,42.93,42.93,87.8,10.29
470,lardos,0,GR,1564272118,73,36.09,36.09,77.0,11.41
471,kieta,100,PG,1564272118,74,-6.22,-6.22,82.32,6.58
472,roura,10,GF,1564271944,88,4.73,4.73,75.2,3.06
473,lerwick,32,GB,1564272118,87,60.15,60.15,59.0,5.82
474,zhangye,99,CN,1564272118,32,38.94,38.94,69.9,3.74
475,bundaberg,0,AU,1564271945,72,-24.87,-24.87,75.0,5.82
476,calama,0,CL,1564272119,5,-22.46,-22.46,59.0,17.22
477,yar-sale,97,RU,1564271925,74,66.83,66.83,43.98,13.89
478,najran,0,SA,1564272119,21,17.54,17.54,84.2,2.24
479,trelaze,0,FR,1564272119,82,47.45,47.45,61.0,3.36
480,paso de carrasco,20,UY,1564272051,93,-34.86,-34.86,51.01,3.36
481,cuiaba,0,BR,1564271998,57,-15.6,-15.6,75.2,4.7
482,dunedin,100,NZ,1564271974,59,-45.87,-45.87,55.99,1.99
483,messina,20,IT,1564272119,88,38.19,38.19,82.0,12.75
484,coos bay,1,US,1564272120,68,43.37,43.37,72.0,24.16
485,biratnagar,50,NP,1564272120,80,26.46,26.46,79.26,12.62
486,morristown,1,US,1564272120,42,36.21,36.21,88.0,4.7
487,emba,40,CY,1564272120,88,34.81,34.81,77.0,5.82
488,port-gentil,20,GA,1564271926,94,-0.72,-0.72,73.4,5.82
489,luanda,0,AO,1564272120,100,-8.83,-8.83,68.0,2.24
490,necochea,83,AR,1564271922,94,-38.55,-38.55,37.99,4.0
491,buala,100,SB,1564272121,84,-8.15,-8.15,79.98,13.02
492,valley city,1,US,1564272120,51,46.92,46.92,82.4,3.36
493,yatou,75,CM,1564272121,100,3.63,3.63,75.2,2.24
494,bilma,14,NE,1564272121,14,18.69,18.69,93.66,5.79
495,kjollefjord,80,NO,1564272121,80,70.95,70.95,43.98,11.45
496,mezen,100,RU,1564272122,91,65.85,65.85,45.06,24.72
497,muzaffargarh,75,PK,1564272122,83,30.08,30.08,80.6,9.17
498,taloqan,0,AF,1564272122,24,36.74,36.74,72.24,3.38
499,capaccio,0,IT,1564272122,89,40.42,40.42,81.0,4.07
500,arkadak,86,RU,1564272122,95,51.94,51.94,61.8,8.84
501,clarence town,16,AU,1564272123,82,-32.59,-32.59,64.99,10.29
502,camacha,40,PT,1564271972,88,33.08,33.08,75.2,17.22
503,kumbo,100,CM,1564272123,94,6.21,6.21,62.52,2.55
504,comodoro rivadavia,0,AR,1564272123,52,-45.87,-45.87,44.6,6.93
505,jinka,100,ET,1564272123,80,5.79,5.79,66.12,2.21
506,cervo,3,BR,1564272123,60,-22.19,-22.19,58.92,4.07
507,sao miguel do araguaia,0,BR,1564272124,38,-13.28,-13.28,70.8,3.69
508,rzhev,25,RU,1564272124,90,56.26,56.26,61.26,4.94
509,finote selam,77,ET,1564272124,82,10.7,10.7,58.92,3.29
510,paysandu,89,UY,1564272124,88,-32.32,-32.32,52.0,3.24
511,xichang,35,CN,1564272124,94,27.88,27.88,59.28,1.59
512,joshimath,100,IN,1564272124,87,30.57,30.57,56.04,2.28
513,filadelfia,0,PY,1564272124,67,-22.35,-22.35,56.58,7.4
514,dalvik,51,SE,1564271930,82,57.79,57.79,68.0,6.93
515,palekh,0,RU,1564272125,96,56.8,56.8,56.94,7.45
516,auki,76,NG,1564271971,87,12.18,12.18,75.12,10.94
517,mehamn,92,NO,1564272125,83,71.03,71.03,42.18,11.03
518,hay river,40,CA,1564272125,67,60.82,60.82,57.2,10.29
519,horsham,94,AU,1564272091,80,-36.71,-36.71,46.32,5.3
520,champerico,20,MX,1564271968,55,16.38,16.38,87.8,19.46
521,eruwa,100,NG,1564272125,96,7.53,7.53,71.88,6.82
522,blackwater,100,GB,1564272126,87,51.33,51.33,62.6,8.05
523,berceni,0,RO,1564272126,77,44.93,44.93,73.99,5.82
524,shelburne,40,CA,1564271980,45,44.08,44.08,84.2,13.87
525,saint-denis,90,FR,1564272126,72,48.94,48.94,64.4,8.05
526,bose,40,IT,1564272126,93,45.46,45.46,69.01,5.82
527,gazojak,74,TM,1564272126,24,41.19,41.19,86.82,7.09
528,suntar,21,RU,1564272127,45,62.16,62.16,73.5,2.71
529,shipitsyno,90,RU,1564272127,71,61.28,61.28,53.16,6.67
530,fuerte,83,PH,1564272127,70,17.54,17.54,81.78,6.55
531,kumsi,100,IN,1564272127,94,14.06,14.06,69.36,6.38
532,gravdal,65,NO,1564272127,88,59.79,59.79,66.99,4.7
533,suba,77,CN,1564272127,84,28.73,28.73,72.96,1.43
534,gunjur,40,GM,1564272128,83,13.18,13.18,80.6,3.36
535,linares,95,CL,1564272128,88,-35.85,-35.85,46.68,3.02
536,acapulco,75,MX,1564271971,70,16.86,16.86,87.8,10.29
537,srednekolymsk,0,RU,1564271910,42,67.46,67.46,54.96,11.23
538,springbok,4,ZA,1564272128,46,-29.67,-29.67,56.4,0.92
539,jacareacanga,62,BR,1564271913,50,-6.22,-6.22,78.0,1.61
540,teguise,40,ES,1564272128,78,29.06,29.06,73.4,19.46
541,ayan,0,IR,1564272129,69,38.23,38.23,55.5,4.14
542,san patricio,100,PY,1564271936,89,-26.98,-26.98,52.08,4.23
543,naron,0,ES,1564272129,93,43.52,43.52,63.0,1.12
544,portsmouth,0,GB,1564271981,82,50.8,50.8,61.0,5.82
545,yajalon,20,MX,1564272129,49,17.17,17.17,91.4,8.05
546,rio grande,75,BR,1564272129,96,-32.03,-32.03,48.0,2.66
547,manoel urbano,10,BR,1564272129,71,-8.84,-8.84,69.9,3.4
548,porirua,100,NZ,1564272130,76,-41.14,-41.14,59.0,17.22
549,solnechnyy,91,RU,1564272130,81,50.72,50.72,65.58,1.72
550,salalah,90,OM,1564271697,100,17.01,17.01,75.2,3.36
551,barra do garcas,0,BR,1564272014,38,-15.89,-15.89,68.46,3.22
552,ballina,99,IE,1564272130,94,54.11,54.11,57.99,12.88
553,aasiaat,92,GL,1564272130,67,68.71,68.71,45.42,12.21
554,northam,38,AU,1564271915,93,-31.65,-31.65,50.0,4.7
555,qinhuangdao,70,CN,1564272131,83,39.94,39.94,79.62,4.14
556,visby,19,SE,1564272131,93,57.64,57.64,70.0,8.05
557,bambanglipuro,51,ID,1564272131,84,-7.95,-7.95,72.96,7.63
558,portland,1,US,1564271950,77,43.66,43.66,73.0,5.82
559,ozernovskiy,97,RU,1564272131,90,51.5,51.5,56.04,12.82
560,touros,21,BR,1564271903,81,-5.2,-5.2,78.72,19.08
561,meiganga,100,CM,1564272131,96,6.52,6.52,64.86,2.04
562,whitianga,99,NZ,1564272131,75,-36.83,-36.83,63.0,7.0
563,tiszakecske,75,HU,1564272132,94,46.93,46.93,68.0,4.7
564,belaya gora,91,RU,1564272132,50,68.54,68.54,50.28,6.62
565,bongandanga,100,CD,1564272132,91,1.51,1.51,71.88,1.86
566,mangrol,93,IN,1564272132,89,25.33,25.33,76.02,4.05
567,lovozero,100,RU,1564272132,82,68.01,68.01,39.66,18.28
568,svetlogorsk,40,RU,1564272133,59,53.14,53.14,60.8,6.71
569,kavieng,82,PG,1564271914,78,-2.57,-2.57,81.6,8.81
570,puerto guzman,57,BO,1564272133,81,-14.32,-14.32,60.0,2.51
571,gizo,40,IL,1564272133,78,31.8,31.8,78.8,5.82
572,xinzhou,25,CN,1564272133,80,38.41,38.41,72.78,2.86
